-- phpMyAdmin SQL Dump
-- version 5.2.1
-- https://www.phpmyadmin.net/
--
-- Host: 127.0.0.1
-- Waktu pembuatan: 30 Mar 2025 pada 10.03
-- Versi server: 10.4.32-MariaDB
-- Versi PHP: 8.0.30

SET SQL_MODE = "NO_AUTO_VALUE_ON_ZERO";
START TRANSACTION;
SET time_zone = "+00:00";


/*!40101 SET @OLD_CHARACTER_SET_CLIENT=@@CHARACTER_SET_CLIENT */;
/*!40101 SET @OLD_CHARACTER_SET_RESULTS=@@CHARACTER_SET_RESULTS */;
/*!40101 SET @OLD_COLLATION_CONNECTION=@@COLLATION_CONNECTION */;
/*!40101 SET NAMES utf8mb4 */;

--
-- Database: `responsi`
--

-- --------------------------------------------------------

--
-- Struktur dari tabel `anggota`
--

CREATE TABLE `anggota` (
  `id_anggota` varchar(10) NOT NULL,
  `nama` varchar(50) NOT NULL,
  `jurusan` varchar(20) DEFAULT 'Umum',
  `tgl_daftar` date NOT NULL
) ENGINE=InnoDB DEFAULT CHARSET=utf8mb4 COLLATE=utf8mb4_general_ci;

--
-- Dumping data untuk tabel `anggota`
--

INSERT INTO `anggota` (`id_anggota`, `nama`, `jurusan`, `tgl_daftar`) VALUES
('00001', 'Agus', 'Teknik Sipil', '2025-02-21'),
('00002', 'Muklis', 'PGSD', '2024-12-20'),
('00003', 'Nina', 'Informatika', '2025-02-10');

-- --------------------------------------------------------

--
-- Struktur dari tabel `buku`
--

CREATE TABLE `buku` (
  `id_buku` varchar(10) NOT NULL,
  `judul` varchar(100) NOT NULL,
  `tahun_terbit` int(11) DEFAULT NULL CHECK (`tahun_terbit` between 1900 and 2025),
  `id_penerbit` varchar(10) DEFAULT NULL
) ENGINE=InnoDB DEFAULT CHARSET=utf8mb4 COLLATE=utf8mb4_general_ci;

--
-- Dumping data untuk tabel `buku`
--

INSERT INTO `buku` (`id_buku`, `judul`, `tahun_terbit`, `id_penerbit`) VALUES
('B0001', '10 Dosa Besar Soehartono', 1999, 'P0001'),
('B0002', 'Mulyono And Family', 2024, 'P0001'),
('B0003', 'Tips & Triks Mancing di Empang', 2016, 'P0001'),
('B0004', 'Sejarah Wakanda', 2018, 'P0001'),
('B0005', 'Ambatron dan Rusdi', 2020, 'P0001'),
('B0006', 'Basis Data', 2019, NULL);

-- --------------------------------------------------------

--
-- Struktur dari tabel `peminjaman`
--

CREATE TABLE `peminjaman` (
  `id_peminjaman` int(11) NOT NULL,
  `id_anggota` varchar(10) DEFAULT NULL,
  `id_buku` varchar(10) DEFAULT NULL,
  `tgl_pinjam` date NOT NULL,
  `tgl_kembali` date DEFAULT NULL,
  `denda` int(11) DEFAULT 0
) ENGINE=InnoDB DEFAULT CHARSET=utf8mb4 COLLATE=utf8mb4_general_ci;

--
-- Dumping data untuk tabel `peminjaman`
--

INSERT INTO `peminjaman` (`id_peminjaman`, `id_anggota`, `id_buku`, `tgl_pinjam`, `tgl_kembali`, `denda`) VALUES
(1, '00001', 'B0002', '2025-02-20', '2025-02-25', 0),
(2, '00002', 'B0005', '2025-02-21', '2025-02-26', 0),
(3, '00003', 'B0001', '2025-02-19', '0000-00-00', 4000),
(4, '00001', 'B0006', '2025-03-23', '2025-03-25', 0),
(5, '00003', 'B0006', '2025-03-23', '2025-03-25', 0);

-- --------------------------------------------------------

--
-- Struktur dari tabel `penerbit`
--

CREATE TABLE `penerbit` (
  `id_penerbit` varchar(10) NOT NULL,
  `nama_penerbit` varchar(100) NOT NULL,
  `alamat` varchar(100) NOT NULL
) ENGINE=InnoDB DEFAULT CHARSET=utf8mb4 COLLATE=utf8mb4_general_ci;

--
-- Dumping data untuk tabel `penerbit`
--

INSERT INTO `penerbit` (`id_penerbit`, `nama_penerbit`, `alamat`) VALUES
('P0001', 'PT. Mencari Cinta Sejati', 'Jakarta');

--
-- Indexes for dumped tables
--

--
-- Indeks untuk tabel `anggota`
--
ALTER TABLE `anggota`
  ADD PRIMARY KEY (`id_anggota`);

--
-- Indeks untuk tabel `buku`
--
ALTER TABLE `buku`
  ADD PRIMARY KEY (`id_buku`),
  ADD KEY `fk_penerbit` (`id_penerbit`);

--
-- Indeks untuk tabel `peminjaman`
--
ALTER TABLE `peminjaman`
  ADD PRIMARY KEY (`id_peminjaman`),
  ADD KEY `id_anggota` (`id_anggota`),
  ADD KEY `id_buku` (`id_buku`);

--
-- Indeks untuk tabel `penerbit`
--
ALTER TABLE `penerbit`
  ADD PRIMARY KEY (`id_penerbit`);

--
-- AUTO_INCREMENT untuk tabel yang dibuang
--

--
-- AUTO_INCREMENT untuk tabel `peminjaman`
--
ALTER TABLE `peminjaman`
  MODIFY `id_peminjaman` int(11) NOT NULL AUTO_INCREMENT, AUTO_INCREMENT=6;

--
-- Ketidakleluasaan untuk tabel pelimpahan (Dumped Tables)
--

--
-- Ketidakleluasaan untuk tabel `buku`
--
ALTER TABLE `buku`
  ADD CONSTRAINT `fk_penerbit` FOREIGN KEY (`id_penerbit`) REFERENCES `penerbit` (`id_penerbit`);

--
-- Ketidakleluasaan untuk tabel `peminjaman`
--
ALTER TABLE `peminjaman`
  ADD CONSTRAINT `peminjaman_ibfk_1` FOREIGN KEY (`id_anggota`) REFERENCES `anggota` (`id_anggota`),
  ADD CONSTRAINT `peminjaman_ibfk_2` FOREIGN KEY (`id_buku`) REFERENCES `buku` (`id_buku`);
COMMIT;

/*!40101 SET CHARACTER_SET_CLIENT=@OLD_CHARACTER_SET_CLIENT */;
/*!40101 SET CHARACTER_SET_RESULTS=@OLD_CHARACTER_SET_RESULTS */;
/*!40101 SET COLLATION_CONNECTION=@OLD_COLLATION_CONNECTION */;
